derived_msa_md,apps,approvals,approval_rate
40484,6277,4124,0.6570017524295045
31700,5799,3698,0.6376961545093982
99999,6273,3986,0.6354216483341304
