derived_msa_md,apps,approvals,approval_rate
15540,2760,1872,0.6782608695652174
99999,4168,2513,0.6029270633397313
