derived_msa_md,apps,approvals,approval_rate
43620,5399,3574,0.6619744397110576
39660,2368,1539,0.6499155405405406
43580,303,195,0.6435643564356436
99999,4418,2791,0.6317338162064282
